﻿{"expname":"joomla漏洞测试","exptype":"joomla","expdesc":"","expmethond":"GET","expencode":"自动识别","exphttpversion":"不设置","exprequestpath":"/robots.txt","expreffer":"http://www.semhat.com","expuseragnet":"Mozilla/5.0 (Macintosh; U; Intel Mac OS X 10_6_8; en-us) AppleWebKit/534.50 (KHTML, like Gecko) Version/5.1 Safari/534.50","expContentType":"text/html","exphead":"","expcookie":"","exppostdata":"","expsuccess":"存在$CMS$漏洞","expregmath":[{"conditions":"AND","ppqy":"HTML","ppgz":"contain","ppvalue":"Disallow: /administrator/"}]}